,hashtags
nohashtag,59
foryoupage,54
johncena,28
viral,19
comedy,11
wwe,11
tiktok,7
viralvideo,4
duet,4
love,3
stark,2
ad,2
rdj,2
players,2
surrender,2
pubg,2
avengers,2
jungkook,2
vibes,2
i,1
goforto,1
robertdowneyjr,1
goldbond,1
1m,1
ohnanana,1
tiptoechallenge,1
quarantinemoustache,1
bts,1
retirementdance,1
handshaq,1
antidote,1
spiderman,1
xbox,1
teamshaq,1
fortopartner,1
roblox,1
water,1
summer,1
robertdowneyjnr,1
hurtmechallenge,1
ironman,1
therock,1
delayed,1
queen,1
halloween,1
misterstark,1
chasinghappiness,1
xycba,1
charlidamelio,1
